cluster,hash,type1,type2,type3,combined
0,910fe0bfd1167b15e179de08db752745,trojan,downloader,,trojandownloader
1,41ea8bd1e24c03d3cbca4f3a76f38fa8,trojan,adware,virus,trojanadwarevirus
2,a3075333c28dc55518b430c816248342,trojan,adware,,trojanadware
3,ae33fd5eacb9bef6d4437a44990ea83e,trojan,adware,,trojanadware
4,9118f1a1e10b4cbf65256e78c8dfea9a,adware,downloader,trojan,adwaredownloadertrojan
5,9299e27ce4d5b055d428ab4f3624883b,trojan,,,trojan
6,ce4bacbebcc61d412d139f1be29796dd,downloader,trojan,,downloadertrojan
7,b7247d9263751ec2cfa4861b227ac975,trojan,adware,,trojanadware
8,c531afc6e483bf6570ddfc1f132bb19d,trojan,adware,,trojanadware
9,4cc576d7c393e738e1b57554e6b5c57f,trojan,adware,,trojanadware
10,77cee6c61185bad85bb9c0abedaf181d,trojan,adware,,trojanadware
11,37805ecedbd1a6a9bc44794b95c28155,trojan,adware,,trojanadware
12,70cd6378617ef78958b5fae31d5736f2,trojan,adware,,trojanadware
13,a431551620e2dc7c99346f158c52fcd0,trojan,adware,virus,trojanadwarevirus
14,64406f75011ac5435c12e4e61747dc98,trojan,adware,,trojanadware
15,73d93913a744658603563a774bd1a1b0,ransomware,trojan,,ransomwaretrojan
16,c0b05e0250cf6e7452af472f85efe981,trojan,adware,,trojanadware
17,476e25bc7c91e751fba14e18fc39cd45,trojan,,,trojan
18,d98b7d5660ce43b29651a827b81bdeec,trojan,adware,,trojanadware
19,74bf3cba6abb85349572216768d72949,adware,downloader,pua,adwaredownloaderpua
20,a207a0b02bece248ba7a43532cb41bc5,adware,trojan,,adwaretrojan
21,82579a78f1521e93b6e6b5a3c2c72053,adware,trojan,downloader,adwaretrojandownloader
22,73520731b54835e3112541cd729bbdc5,downloader,trojan,,downloadertrojan
23,9b160021801d04d6325b0c5168edc5fb,trojan,,,trojan
24,13c7b4ea8b0b41fcb748f2de774719c2,trojan,adware,,trojanadware
25,006d470858c609c9e93d90a80af01e89,trojan,,,trojan
26,c48e7ceb9237159211de281ce4339e4a,trojan,adware,,trojanadware
27,9f6449dc5e656c181ae90fc760b68bcd,trojan,,,trojan
28,5e554af0cbdca5d09dceddac7593b2d9,trojan,,,trojan
29,9aa54344b30101353870a32e625f19a1,downloader,adware,trojan,downloaderadwaretrojan
30,3a139c5e1b13eb52704d5beeec3593bd,adware,trojan,virus,adwaretrojanvirus
31,8d48c19ebe1dacb3dfafc0a3d250acd3,trojan,adware,,trojanadware
32,0d9a56e98a0ee0f439f05703d6d4c13d,trojan,adware,,trojanadware
33,683720156725886c9914416156b2f1ea,trojan,adware,,trojanadware
34,ab3e5c21aed6b10e83cb5d094f7a6b2b,trojan,adware,,trojanadware
35,bf692b8a214efa1eb85f881bfc1a78cd,trojan,adware,,trojanadware
36,af36683f21a6e7bd88129ce6e63547a0,trojan,adware,downloader,trojanadwaredownloader
37,f72c90db1d285607fcbde403c807280b,trojan,adware,,trojanadware
38,81b2ec652c4c07d310291cc43fec0a89,trojan,,,trojan
39,add4c94b99bb59dd9a23f163cc711cee,unknown,,,unknown
40,a674343ee977b0340036a6fc4aabc768,ransomware,trojan,,ransomwaretrojan
41,e219d4111de0c0126a04087c4e376759,trojan,dropper,,trojandropper
42,94a08dbb05f7c951678d57ec5067416e,trojan,adware,,trojanadware
43,677051c77da9f93da05a87a054505c4d,trojan,,,trojan
44,88925e706fe20519016eb9cedff3e2e6,adware,,,adware
45,cfb3b6474a0fac5ec796e44645816f12,downloader,trojan,adware,downloadertrojanadware
46,13760ab4f39ca9c1db9fcdc2833a7fa3,trojan,adware,,trojanadware
47,6646b8a62d709009ecbcaafa99e0be0c,adware,pua,trojan,adwarepuatrojan
48,e4be766305502ca0fdfc46e1bdbf28f5,unknown,,,unknown
49,11b2002f5f8cb4dcfee2d7ccbbd861bd,trojan,pua,,trojanpua
50,efa73f1315380ac700ca94025799dd23,trojan,adware,downloader,trojanadwaredownloader
51,24665bd812a36f70a970eeb5d427e9c3,downloader,adware,trojan,downloaderadwaretrojan
52,a87d2f41f4a1bc22e49fc40e52f15a9a,trojan,adware,pua,trojanadwarepua
53,b7dd03cd080b1ad8870993a92f11bb4e,trojan,,,trojan
54,40f505f1e9893462b0ba13b81a4a2bde,trojan,adware,,trojanadware
55,62eab80792db53bf945ff0f835790d36,unknown,,,unknown
56,0b910d1c1f97f40150b05e24e91148c6,trojan,adware,,trojanadware
57,05023329247feb826f9e2911ef25f1ca,trojan,adware,,trojanadware
58,ef9d73bd738a7c0be5508a3b18b9c86b,unknown,,,unknown
59,a25c2f1a850a7a1f0af8aaf8f478ca69,trojan,dropper,pua,trojandropperpua
60,e7532da954b92da12d7e184f576810c1,trojan,adware,,trojanadware
61,3c492144d2b0485fca668865083271cd,trojan,,,trojan
62,0d498238efa042f7cd6c82fca943136b,trojan,adware,virus,trojanadwarevirus
63,1c88d66fa35e0ab4ca2a16e53c7f08ff,trojan,adware,,trojanadware
64,cbb9107f9f749c45b31ab6eebc6e34c2,trojan,adware,,trojanadware
65,4b2d0288e9adb8c9309902d2605bd226,trojan,,,trojan
66,4e6460829ba04ccf603e67d8bf64a2e1,trojan,,,trojan
67,719d804b2525cd0c4bbcae6aefa75428,trojan,adware,pua,trojanadwarepua
68,e2df7128c613f55fdce89e80460cc5dd,trojan,adware,,trojanadware
69,38ea528ddcc8e339c29c7ec31862cf8f,trojan,,,trojan
70,fd91ac30ccdd29e7d3b0c66aaa31661e,trojan,adware,pua,trojanadwarepua
71,0a08f2bc8972f35b0c64367802f85457,trojan,adware,,trojanadware
72,94c820f865c8018e937bd762ca2497f4,trojan,adware,downloader,trojanadwaredownloader
73,0f23f25c49f1e06d55eb4b75962dc8ef,downloader,adware,trojan,downloaderadwaretrojan
74,2582d3d76f3ae1410af967771a8463cb,trojan,adware,,trojanadware
75,f607f4edb6fa0f950da09b3701f9ed61,trojan,adware,virus,trojanadwarevirus
76,002aa89b9686e8c82ec938b6145abb84,trojan,,,trojan
77,220378c274099a3c6ca02b43b1006671,unknown,,,unknown
78,750cdd73b6f068b0cacef7dc795301b3,trojan,dropper,,trojandropper
79,85c72cfddd89c6b25f8fbb8a94a7ac86,trojan,adware,,trojanadware
80,27c5e40c52c0487ab0a246f641b4b4a9,trojan,adware,,trojanadware
81,288383c01173f3eed463f3b594c42746,trojan,adware,,trojanadware
82,1fa9a5e368f97e556c126392356f12c6,,,,
83,dc81cbbe33380df8c99384b07f83b353,trojan,adware,pua,trojanadwarepua
84,12542abc5ada6c14453a1d98194db391,trojan,adware,downloader,trojanadwaredownloader
85,c507b93537b5f76eeb02a4447f63f6ce,unknown,,,unknown
86,39fed91d943c9a1e692d29db5003b26a,trojan,adware,dropper,trojanadwaredropper
87,39ff9b6e539a0ec6f8b22c89323df408,trojan,,,trojan
88,d6764a9d75c2ec80ea1abf57111ed9a4,trojan,adware,downloader,trojanadwaredownloader
89,8c146b6a30d4edf64a8724dd01bfcfc0,unknown,,,unknown
90,2962938e2f0c61d3459e83364daa9237,trojan,adware,,trojanadware
91,2a47a1ae40c432bf6a18049d535ea7a9,downloader,trojan,adware,downloadertrojanadware
92,50f5a013e2d7f100e3105857b77f776f,trojan,adware,,trojanadware
93,339149a6ceaff8ec9831ebc6113adb23,trojan,adware,,trojanadware
94,8b66d719e8a46a3d5c3152f67e9765a2,trojan,adware,,trojanadware
95,eac2817bcfa9b094bea4d001b6e2a4d8,trojan,,,trojan
96,4ce3e88588ef62abbdd1cec70801f4cb,trojan,downloader,adware,trojandownloaderadware
97,1cff0f085a3457f7a0a873895bbddd5c,trojan,,,trojan
98,f247572802a6ec16dea4f14c83ba985d,trojan,,,trojan
99,401eb227c18acb77f236d0e0288e3c2f,trojan,,,trojan
